--
-- 数据库： `banma001`
--
DROP DATABASE IF EXISTS `banma001`;
CREATE DATABASE IF NOT EXISTS `banma001` DEFAULT CHARACTER SET utf8 COLLATE utf8_unicode_ci;
USE `banma001`;

-- --------------------------------------------------------

--
-- 表的结构 `bankuai`
--

DROP TABLE IF EXISTS `bankuai`;
CREATE TABLE IF NOT EXISTS `bankuai` (
  `bankuai_id` int(11) NOT NULL,
  `bankuai_name` varchar(50) DEFAULT NULL,
  `father_id` int(11) NOT NULL,
  PRIMARY KEY (`bankuai_id`)
) ENGINE=InnoDB DEFAULT CHARSET=utf8 COMMENT='板块表';

--
-- 转存表中的数据 `bankuai`
--

INSERT INTO `bankuai` (`bankuai_id`, `bankuai_name`, `father_id`) VALUES
(1, 'NET技术', 0),
(2, 'c#语言', 1),
(3, 'WinForms', 1),
(4, 'AD0.NET', 1),
(5, 'Java技术', 0),
(6, 'Java基础', 5),
(7, 'JSP技术', 5),
(8, 'Servlet技术', 5),
(9, 'ASP.NET', 1),
(10, 'Eclipse应用', 5),
(11, '数据库技术', 0),
(12, ' SQL Server基础', 11),
(13, 'SQL Server高级', 11),
(14, '娱乐', 0),
(15, '灌水乐园', 14);

-- --------------------------------------------------------

--
-- 表的结构 `huifu`
--

DROP TABLE IF EXISTS `huifu`;
CREATE TABLE IF NOT EXISTS `huifu` (
  `huifu_id` int(11) NOT NULL AUTO_INCREMENT,
  `content` text CHARACTER SET utf8 COLLATE utf8_unicode_ci NOT NULL,
  `tie_id` int(11) NOT NULL,
  `huifu_user` int(11) NOT NULL,
  `create_time` datetime NOT NULL,
  `update_time` datetime NOT NULL,
  PRIMARY KEY (`huifu_id`)
) ENGINE=InnoDB DEFAULT CHARSET=utf8 COLLATE=utf8_unicode_ci;

--
-- 转存表中的数据 `huifu`
--

INSERT INTO `huifu` (`huifu_id`, `content`, `tie_id`, `huifu_user`, `create_time`, `update_time`) VALUES
(55, '鼎折覆餗的', 21, 47, '2022-03-14 11:46:37', '2022-03-19 11:46:33'),
(65, '韩剧洒落的框架 发斯蒂芬斯蒂芬\r\n\r\n\r\n阿斯顿撒多\r\n\r\n\r\n\r\n阿斯顿撒多撒多\r\n\r\n\r\n萨达萨达四大四大说的 ', 21, 43, '2022-03-19 20:39:58', '2022-03-19 20:39:58'),
(70, 'xccvxcvxcv asdsadasd', 31, 43, '2022-03-20 16:17:27', '2022-03-20 16:17:27'),
(71, 'ertertert cxvxcvxcv サラリーマン asdsadasd', 33, 43, '2022-03-20 16:26:35', '2022-03-20 16:26:35'),
(72, 'asdasd', 2, 43, '2022-03-21 11:28:43', '2022-03-21 11:28:43'),
(73, 'dsfsdfsdf', 2, 43, '2022-03-21 11:31:00', '2022-03-21 11:31:00'),
(74, 'asdasdwsd', 2, 43, '2022-03-21 11:31:05', '2022-03-21 11:31:05'),
(75, 'asdasdsad', 2, 43, '2022-03-21 11:31:09', '2022-03-21 11:31:09'),
(76, 'asdasdxxzcxczxzc', 2, 43, '2022-03-21 11:31:16', '2022-03-21 11:31:16'),
(77, 'sdgsdfgdfg ', 31, 43, '2022-03-21 12:16:34', '2022-03-21 12:16:34'),
(78, 'dfgdfg', 31, 43, '2022-03-21 12:16:37', '2022-03-21 12:16:37'),
(79, 'dfgdfgvcbcvb', 31, 43, '2022-03-21 12:16:42', '2022-03-21 12:16:42'),
(80, '大萨达所大所多', 31, 43, '2022-03-22 15:48:33', '2022-03-22 15:48:33'),
(81, '1111111111', 31, 43, '2022-03-22 16:58:19', '2022-03-22 16:58:19'),
(82, 'fdhgfj', 31, 43, '2022-03-22 17:40:37', '2022-03-22 17:40:37'),
(83, 'asdasdsd', 39, 43, '2022-03-22 17:45:53', '2022-03-22 17:45:53'),
(84, 'sdasdasd', 39, 43, '2022-03-22 17:46:15', '2022-03-22 17:46:15'),
(85, '你好是啥时候时候', 39, 43, '2022-03-22 17:46:28', '2022-03-22 17:46:28'),
(86, '驱蚊器翁群翁', 39, 43, '2022-03-22 17:46:34', '2022-03-22 17:46:34'),
(87, '蔷薇蔷薇', 39, 43, '2022-03-22 17:46:56', '2022-03-22 17:46:56'),
(88, '驱蚊器翁群翁', 39, 43, '2022-03-22 17:47:04', '2022-03-22 17:47:04'),
(89, '蔷薇蔷薇无群二', 39, 43, '2022-03-22 17:47:59', '2022-03-22 17:47:59'),
(90, '驱蚊器伟', 39, 43, '2022-03-22 17:48:13', '2022-03-22 17:48:13'),
(91, 'dfsdfcxvxcv', 39, 43, '2022-03-22 18:22:15', '2022-03-22 18:22:15'),
(92, 'xcvxcvxcvxcvxcvfwer34234', 39, 43, '2022-03-22 18:22:31', '2022-03-22 18:22:31'),
(93, 'sdfsdfsdfsdf', 39, 43, '2022-03-22 18:22:43', '2022-03-22 18:22:43'),
(94, 'sdfsdfsdf675756', 39, 43, '2022-03-22 18:22:55', '2022-03-22 18:22:55'),
(95, 'dfgdfgd9887987', 39, 43, '2022-03-22 18:23:19', '2022-03-22 18:23:19'),
(96, 'sdf546456457568678768', 39, 43, '2022-03-22 18:23:42', '2022-03-22 18:23:42'),
(97, '6786786786', 39, 43, '2022-03-22 18:23:59', '2022-03-22 18:23:59'),
(98, '6786786786989879', 39, 43, '2022-03-22 18:24:09', '2022-03-22 18:24:09'),
(99, '67867867898989809', 39, 43, '2022-03-22 18:24:19', '2022-03-22 18:24:19'),
(100, '786789987987934564', 39, 43, '2022-03-22 18:24:36', '2022-03-22 18:24:36'),
(101, '567568768967', 39, 43, '2022-03-22 18:24:53', '2022-03-22 18:24:53'),
(102, '1231', 4, 52, '2022-04-08 16:30:47', '2022-04-08 16:30:47'),
(103, 'ewfew', 4, 52, '2022-04-08 16:31:39', '2022-04-08 16:31:39'),
(105, 'fffffffffffffffffffffffffffff\r\nwqrqwwqgwegedge23t44egrdhrh', 44, 52, '2022-04-08 08:48:47', '2022-04-08 09:25:22');

-- --------------------------------------------------------

--
-- 表的结构 `tiezi`
--

DROP TABLE IF EXISTS `tiezi`;
CREATE TABLE IF NOT EXISTS `tiezi` (
  `tie_id` int(11) NOT NULL AUTO_INCREMENT,
  `title` varchar(250) CHARACTER SET utf8 COLLATE utf8_unicode_ci NOT NULL,
  `create_time` datetime NOT NULL,
  `update_time` datetime NOT NULL,
  `content` text CHARACTER SET utf8 COLLATE utf8_unicode_ci NOT NULL,
  `huifu_user` int(11) NOT NULL,
  `bankuai_id` int(11) NOT NULL,
  PRIMARY KEY (`tie_id`)
) ENGINE=InnoDB DEFAULT CHARSET=utf8 COLLATE=utf8_unicode_ci;

--
-- 转存表中的数据 `tiezi`
--

INSERT INTO `tiezi` (`tie_id`, `title`, `create_time`, `update_time`, `content`, `huifu_user`, `bankuai_id`) VALUES
(2, 'java棒', '2022-03-06 17:15:17', '2022-03-06 17:15:17', 'java 棒棒的奥 真是 ', 43, 2),
(4, 'lalala１', '2022-03-08 19:01:03', '2022-03-08 19:01:03', 'hhhahahah', 43, 2),
(5, 'lalala2', '2022-03-08 19:01:34', '2022-03-08 19:01:34', 'hhhahahah', 43, 2),
(6, 'lalala3', '2022-03-08 19:01:34', '2022-03-08 19:01:34', 'hhhahahah', 43, 2),
(7, 'lalala4', '2022-03-08 19:01:34', '2022-03-08 19:01:34', 'hhhahahah', 43, 2),
(8, 'lalala5', '2022-03-08 19:01:35', '2022-03-08 19:01:35', 'hhhahahah', 43, 2),
(9, 'lalala7', '2022-03-08 19:01:35', '2022-03-08 19:01:35', 'hhhahahah', 43, 2),
(10, 'lalala8', '2022-03-08 19:01:35', '2022-03-08 19:01:35', 'hhhahahah', 43, 2),
(11, 'lalala9', '2022-03-08 19:01:35', '2022-03-08 19:01:35', 'hhhahahah', 43, 2),
(12, 'lalala10', '2022-03-08 19:01:35', '2022-03-08 19:01:35', 'hhhahahah', 43, 2),
(13, 'lalala11', '2022-03-08 19:01:35', '2022-03-08 19:01:35', 'hhhahahah', 43, 2),
(14, 'lalala12', '2022-03-08 19:01:36', '2022-03-08 19:01:36', 'hhhahahah', 43, 2),
(15, 'lalala13', '2022-03-08 19:01:36', '2022-03-08 19:01:36', 'hhhahahah', 43, 2),
(16, 'lalala14', '2022-03-08 19:01:36', '2022-03-08 19:01:36', 'hhhahahah', 43, 2),
(17, 'lalala15', '2022-03-08 19:01:36', '2022-03-08 19:01:36', 'hhhahahah', 43, 2),
(19, 'asdasd17', '2022-03-08 21:08:03', '2022-03-08 21:08:03', 'asdsadsa', 43, 2),
(20, 'zxczxc18', '2022-03-08 21:09:43', '2022-03-08 21:09:43', 'xzczxczxc', 43, 2),
(22, 'dfsdfd', '2022-03-15 15:14:37', '2022-03-15 15:14:37', 'sdfsdfdsf', 43, 2),
(23, 'fgrdfg', '2022-03-15 15:15:10', '2022-03-15 15:15:10', 'dfgdfgdfg', 43, 2),
(24, 'ｓｄｆｓｄｓｄｆ', '2022-03-15 15:29:28', '2022-03-15 15:29:28', 'ｓｄｆｓｄｆｓｄ', 43, 2),
(31, '最近 这个语言的发展趋势 是怎样的奥 ', '2022-03-20 15:31:20', '2022-03-20 15:31:20', '还行吧 应该是不错的 以后  zxcxzcxzc', 43, 4),
(32, '撒旦撒旦', '2022-03-20 15:34:02', '2022-03-20 15:34:02', '撒的撒打算的撒到', 43, 4),
(33, 'sadasdsad', '2022-03-21 13:12:21', '2022-03-21 13:12:21', '你好 是不是 ', 43, 6),
(34, '奥术大师多撒大所多', '2022-03-21 13:12:30', '2022-03-21 13:12:30', '阿斯顿', 43, 6),
(35, '奥术大师大声点', '2022-03-21 13:12:39', '2022-03-21 13:12:39', '阿斯顿撒多', 43, 6),
(36, '奥术大师大所大', '2022-03-21 13:12:53', '2022-03-21 13:12:53', '奥术大师大所大所多', 43, 7),
(37, '阿萨德', '2022-03-21 13:13:11', '2022-03-21 13:13:11', '奥术大师大所大撒点', 43, 3),
(38, '很快就阿萨德狂欢节阿萨德科技阿收到货', '2022-03-21 13:13:25', '2022-03-21 13:13:25', '调查表花泽香菜不健康极限操作空间表现出这节课', 43, 3),
(39, '自行车支持健康自行车科技部', '2022-03-21 13:13:36', '2022-03-21 13:13:36', '中兄次之考核表执行标准口比较', 43, 9),
(40, '时代峰峻啥地方客户拒收的框架和', '2022-03-21 13:13:51', '2022-03-21 13:13:51', '阿斯顿发所大所多撒多', 43, 9),
(41, 'xczxcxz', '2022-03-21 14:24:44', '2022-03-21 14:24:44', 'zxczxczxc', 43, 8),
(42, 'testt', '2022-04-08 08:01:15', '2022-04-08 08:01:15', 'test', 52, 2),
(43, 'testt', '2022-04-08 08:05:05', '2022-04-08 08:05:05', 'test', 52, 2),
(44, 'testeste', '2022-04-08 08:05:49', '2022-04-08 08:05:49', 'tetsete', 52, 2),
(48, '23523', '2022-04-08 09:25:32', '2022-04-08 09:25:32', '32532', 52, 2);

-- --------------------------------------------------------

--
-- 表的结构 `user`
--

DROP TABLE IF EXISTS `user`;
CREATE TABLE IF NOT EXISTS `user` (
  `huifu_user` int(11) NOT NULL AUTO_INCREMENT,
  `user_name` varchar(50) CHARACTER SET utf8 COLLATE utf8_unicode_ci NOT NULL,
  `user_password` varchar(50) CHARACTER SET utf8 COLLATE utf8_unicode_ci NOT NULL,
  `user_gender` varchar(50) CHARACTER SET utf8 COLLATE utf8_unicode_ci NOT NULL,
  `headimage` varchar(50) CHARACTER SET utf8 COLLATE utf8_unicode_ci NOT NULL,
  `create_time` datetime NOT NULL,
  PRIMARY KEY (`huifu_user`)
) ENGINE=InnoDB DEFAULT CHARSET=utf8 COLLATE=utf8_unicode_ci;

--
-- 转存表中的数据 `user`
--

INSERT INTO `user` (`huifu_user`, `user_name`, `user_password`, `user_gender`, `headimage`, `create_time`) VALUES
(42, 'banma1111111', '1111111', '2', '1.gif', '2022-03-04 17:19:33'),
(43, 'banma11', 'banma11', '2', '1.gif', '2022-03-04 19:30:28'),
(44, 'banma111', '1111111', '2', '1.gif', '2022-03-04 19:42:08'),
(45, 'banma1111', '1111111', '2', '1.gif', '2022-03-04 19:42:29'),
(46, 'banma1111111111', 'jinglong', '1', '2.gif', '2022-03-04 21:27:14'),
(47, 'banma112222', '1234567', '2', '8.gif', '2022-03-04 21:51:01'),
(48, 'banma232', 'banma232', '1', '8.gif', '2022-03-06 13:07:28'),
(49, 'banma2322', 'banma2322', '1', '7.gif', '2022-03-06 13:09:56'),
(50, 'asdasd', '1111111', '1', '7.gif', '2022-03-06 17:15:17'),
(51, 'banma23232', '1111111', '1', '12.gif', '2022-03-06 18:15:05'),
(52, 'test', 'testtest', '1', '10.gif', '2022-04-07 17:23:28');